{
	"credit": "Made with Blockbench",
	"parent": "carved_pumpkin",
	"texture_size": [32, 32],
	"textures": {
		"0": "item/antler_black",
		"particle": "item/antler_black"
	},
	"elements": [
		{
			"from": [1.25, 9, 6.25],
			"to": [2.25, 10, 7.25],
			"rotation": {"angle": 0, "axis": "y", "origin": [2.5, 6, 8]},
			"faces": {
				"north": {"uv": [6, 10.5, 6.5, 11], "texture": "#0"},
				"east": {"uv": [10.5, 6, 11, 6.5], "texture": "#0"},
				"south": {"uv": [6.5, 10.5, 7, 11], "texture": "#0"},
				"west": {"uv": [10.5, 6.5, 11, 7], "texture": "#0"},
				"up": {"uv": [11, 7.5, 10.5, 7], "texture": "#0"},
				"down": {"uv": [11, 7.5, 10.5, 8], "texture": "#0"}
			}
		},
		{
			"from": [1.75, 8.25, 6.75],
			"to": [2.75, 9.25, 7.75],
			"rotation": {"angle": 0, "axis": "y", "origin": [2.5, 6, 8]},
			"faces": {
				"north": {"uv": [4.5, 10.5, 5, 11], "texture": "#0"},
				"east": {"uv": [10.5, 4.5, 11, 5], "texture": "#0"},
				"south": {"uv": [5, 10.5, 5.5, 11], "texture": "#0"},
				"west": {"uv": [10.5, 5, 11, 5.5], "texture": "#0"},
				"up": {"uv": [6, 11, 5.5, 10.5], "texture": "#0"},
				"down": {"uv": [11, 5.5, 10.5, 6], "texture": "#0"}
			}
		},
		{
			"from": [2.75, 6, 6.75],
			"to": [3.75, 10, 7.75],
			"rotation": {"angle": 0, "axis": "y", "origin": [2.5, 6, 8]},
			"faces": {
				"north": {"uv": [9, 8, 9.5, 10], "texture": "#0"},
				"east": {"uv": [8.5, 9, 9, 11], "texture": "#0"},
				"south": {"uv": [0, 9.5, 0.5, 11.5], "texture": "#0"},
				"west": {"uv": [9.5, 0, 10, 2], "texture": "#0"},
				"up": {"uv": [4.5, 11, 4, 10.5], "texture": "#0"},
				"down": {"uv": [11, 4, 10.5, 4.5], "texture": "#0"}
			}
		},
		{
			"from": [-1, 10, 6.5],
			"to": [0, 13, 7.5],
			"rotation": {"angle": 0, "axis": "y", "origin": [2.5, 6, 8]},
			"faces": {
				"north": {"uv": [9.5, 2, 10, 3.5], "texture": "#0"},
				"east": {"uv": [2.5, 9.5, 3, 11], "texture": "#0"},
				"south": {"uv": [9.5, 3.5, 10, 5], "texture": "#0"},
				"west": {"uv": [9.5, 6, 10, 7.5], "texture": "#0"},
				"up": {"uv": [4, 11, 3.5, 10.5], "texture": "#0"},
				"down": {"uv": [11, 3.5, 10.5, 4], "texture": "#0"}
			}
		},
		{
			"from": [-2, 9, 6.5],
			"to": [-1, 11, 7.5],
			"rotation": {"angle": 0, "axis": "y", "origin": [2.5, 6, 8]},
			"faces": {
				"north": {"uv": [10, 1, 10.5, 2], "texture": "#0"},
				"east": {"uv": [10, 2, 10.5, 3], "texture": "#0"},
				"south": {"uv": [3, 10, 3.5, 11], "texture": "#0"},
				"west": {"uv": [10, 3, 10.5, 4], "texture": "#0"},
				"up": {"uv": [11, 3, 10.5, 2.5], "texture": "#0"},
				"down": {"uv": [11, 3, 10.5, 3.5], "texture": "#0"}
			}
		},
		{
			"from": [-3.25, 10, 5],
			"to": [-2.25, 14, 6],
			"rotation": {"angle": 0, "axis": "y", "origin": [2.5, 6, 8]},
			"faces": {
				"north": {"uv": [9, 6, 9.5, 8], "texture": "#0"},
				"east": {"uv": [7, 9, 7.5, 11], "texture": "#0"},
				"south": {"uv": [7.5, 9, 8, 11], "texture": "#0"},
				"west": {"uv": [8, 9, 8.5, 11], "texture": "#0"},
				"up": {"uv": [11, 2, 10.5, 1.5], "texture": "#0"},
				"down": {"uv": [11, 2, 10.5, 2.5], "texture": "#0"}
			}
		},
		{
			"from": [-4.75, 10, 1.5],
			"to": [-3.75, 15, 2.5],
			"rotation": {"angle": 0, "axis": "y", "origin": [2.5, 6, 8]},
			"faces": {
				"north": {"uv": [1.5, 6, 2, 8.5], "texture": "#0"},
				"east": {"uv": [2, 6, 2.5, 8.5], "texture": "#0"},
				"south": {"uv": [2.5, 6, 3, 8.5], "texture": "#0"},
				"west": {"uv": [6, 2.5, 6.5, 5], "texture": "#0"},
				"up": {"uv": [11, 1, 10.5, 0.5], "texture": "#0"},
				"down": {"uv": [11, 1, 10.5, 1.5], "texture": "#0"}
			}
		},
		{
			"from": [-4.75, 9, 2.5],
			"to": [-2.75, 11, 4.5],
			"rotation": {"angle": 0, "axis": "y", "origin": [2.5, 6, 8]},
			"faces": {
				"north": {"uv": [8.5, 2, 9.5, 3], "texture": "#0"},
				"east": {"uv": [8.5, 3, 9.5, 4], "texture": "#0"},
				"south": {"uv": [8.5, 4, 9.5, 5], "texture": "#0"},
				"west": {"uv": [5, 9, 6, 10], "texture": "#0"},
				"up": {"uv": [10, 6, 9, 5], "texture": "#0"},
				"down": {"uv": [7, 9, 6, 10], "texture": "#0"}
			}
		},
		{
			"from": [-4.25, 8, 4.5],
			"to": [-2.25, 10, 6.5],
			"rotation": {"angle": 0, "axis": "y", "origin": [2.5, 6, 8]},
			"faces": {
				"north": {"uv": [8, 8, 9, 9], "texture": "#0"},
				"east": {"uv": [0, 8.5, 1, 9.5], "texture": "#0"},
				"south": {"uv": [8.5, 0, 9.5, 1], "texture": "#0"},
				"west": {"uv": [1, 8.5, 2, 9.5], "texture": "#0"},
				"up": {"uv": [9.5, 2, 8.5, 1], "texture": "#0"},
				"down": {"uv": [3, 8.5, 2, 9.5], "texture": "#0"}
			}
		},
		{
			"from": [-3.25, 7, 5.5],
			"to": [-0.25, 9, 7.5],
			"rotation": {"angle": 0, "axis": "y", "origin": [2.5, 6, 8]},
			"faces": {
				"north": {"uv": [0, 5, 1.5, 6], "texture": "#0"},
				"east": {"uv": [7, 8, 8, 9], "texture": "#0"},
				"south": {"uv": [1.5, 5, 3, 6], "texture": "#0"},
				"west": {"uv": [8, 7, 9, 8], "texture": "#0"},
				"up": {"uv": [4.5, 6, 3, 5], "texture": "#0"},
				"down": {"uv": [6, 5, 4.5, 6], "texture": "#0"}
			}
		},
		{
			"from": [-1.25, 6, 6.5],
			"to": [1.75, 8, 8.5],
			"rotation": {"angle": 0, "axis": "y", "origin": [2.5, 6, 8]},
			"faces": {
				"north": {"uv": [4.5, 1, 6, 2], "texture": "#0"},
				"east": {"uv": [6, 8, 7, 9], "texture": "#0"},
				"south": {"uv": [4.5, 2, 6, 3], "texture": "#0"},
				"west": {"uv": [8, 6, 9, 7], "texture": "#0"},
				"up": {"uv": [6, 4, 4.5, 3], "texture": "#0"},
				"down": {"uv": [6, 4, 4.5, 5], "texture": "#0"}
			}
		},
		{
			"from": [1.25, 5, 7],
			"to": [4.25, 7, 9],
			"rotation": {"angle": 0, "axis": "y", "origin": [2.5, 6, 8]},
			"faces": {
				"north": {"uv": [0, 4, 1.5, 5], "texture": "#0"},
				"east": {"uv": [5, 8, 6, 9], "texture": "#0"},
				"south": {"uv": [1.5, 4, 3, 5], "texture": "#0"},
				"west": {"uv": [8, 5, 9, 6], "texture": "#0"},
				"up": {"uv": [4.5, 5, 3, 4], "texture": "#0"},
				"down": {"uv": [6, 0, 4.5, 1], "texture": "#0"}
			}
		},
		{
			"from": [13.75, 9, 6.25],
			"to": [14.75, 10, 7.25],
			"rotation": {"angle": 0, "axis": "y", "origin": [13.5, 6, 8]},
			"faces": {
				"north": {"uv": [6.5, 10.5, 6, 11], "texture": "#0"},
				"east": {"uv": [11, 6.5, 10.5, 7], "texture": "#0"},
				"south": {"uv": [7, 10.5, 6.5, 11], "texture": "#0"},
				"west": {"uv": [11, 6, 10.5, 6.5], "texture": "#0"},
				"up": {"uv": [10.5, 7.5, 11, 7], "texture": "#0"},
				"down": {"uv": [10.5, 7.5, 11, 8], "texture": "#0"}
			}
		},
		{
			"from": [13.25, 8.25, 6.75],
			"to": [14.25, 9.25, 7.75],
			"rotation": {"angle": 0, "axis": "y", "origin": [13.5, 6, 8]},
			"faces": {
				"north": {"uv": [5, 10.5, 4.5, 11], "texture": "#0"},
				"east": {"uv": [11, 5, 10.5, 5.5], "texture": "#0"},
				"south": {"uv": [5.5, 10.5, 5, 11], "texture": "#0"},
				"west": {"uv": [11, 4.5, 10.5, 5], "texture": "#0"},
				"up": {"uv": [5.5, 11, 6, 10.5], "texture": "#0"},
				"down": {"uv": [10.5, 5.5, 11, 6], "texture": "#0"}
			}
		},
		{
			"from": [12.25, 6, 6.75],
			"to": [13.25, 10, 7.75],
			"rotation": {"angle": 0, "axis": "y", "origin": [13.5, 6, 8]},
			"faces": {
				"north": {"uv": [9.5, 8, 9, 10], "texture": "#0"},
				"east": {"uv": [10, 0, 9.5, 2], "texture": "#0"},
				"south": {"uv": [0.5, 9.5, 0, 11.5], "texture": "#0"},
				"west": {"uv": [9, 9, 8.5, 11], "texture": "#0"},
				"up": {"uv": [4, 11, 4.5, 10.5], "texture": "#0"},
				"down": {"uv": [10.5, 4, 11, 4.5], "texture": "#0"}
			}
		},
		{
			"from": [16, 10, 6.5],
			"to": [17, 13, 7.5],
			"rotation": {"angle": 0, "axis": "y", "origin": [13.5, 6, 8]},
			"faces": {
				"north": {"uv": [10, 2, 9.5, 3.5], "texture": "#0"},
				"east": {"uv": [10, 6, 9.5, 7.5], "texture": "#0"},
				"south": {"uv": [10, 3.5, 9.5, 5], "texture": "#0"},
				"west": {"uv": [3, 9.5, 2.5, 11], "texture": "#0"},
				"up": {"uv": [3.5, 11, 4, 10.5], "texture": "#0"},
				"down": {"uv": [10.5, 3.5, 11, 4], "texture": "#0"}
			}
		},
		{
			"from": [17, 9, 6.5],
			"to": [18, 11, 7.5],
			"rotation": {"angle": 0, "axis": "y", "origin": [13.5, 6, 8]},
			"faces": {
				"north": {"uv": [10.5, 1, 10, 2], "texture": "#0"},
				"east": {"uv": [10.5, 3, 10, 4], "texture": "#0"},
				"south": {"uv": [3.5, 10, 3, 11], "texture": "#0"},
				"west": {"uv": [10.5, 2, 10, 3], "texture": "#0"},
				"up": {"uv": [10.5, 3, 11, 2.5], "texture": "#0"},
				"down": {"uv": [10.5, 3, 11, 3.5], "texture": "#0"}
			}
		},
		{
			"from": [18.25, 10, 5],
			"to": [19.25, 14, 6],
			"rotation": {"angle": 0, "axis": "y", "origin": [13.5, 6, 8]},
			"faces": {
				"north": {"uv": [9.5, 6, 9, 8], "texture": "#0"},
				"east": {"uv": [8.5, 9, 8, 11], "texture": "#0"},
				"south": {"uv": [8, 9, 7.5, 11], "texture": "#0"},
				"west": {"uv": [7.5, 9, 7, 11], "texture": "#0"},
				"up": {"uv": [10.5, 2, 11, 1.5], "texture": "#0"},
				"down": {"uv": [10.5, 2, 11, 2.5], "texture": "#0"}
			}
		},
		{
			"from": [19.75, 10, 1.5],
			"to": [20.75, 15, 2.5],
			"rotation": {"angle": 0, "axis": "y", "origin": [13.5, 6, 8]},
			"faces": {
				"north": {"uv": [2, 6, 1.5, 8.5], "texture": "#0"},
				"east": {"uv": [6.5, 2.5, 6, 5], "texture": "#0"},
				"south": {"uv": [3, 6, 2.5, 8.5], "texture": "#0"},
				"west": {"uv": [2.5, 6, 2, 8.5], "texture": "#0"},
				"up": {"uv": [10.5, 1, 11, 0.5], "texture": "#0"},
				"down": {"uv": [10.5, 1, 11, 1.5], "texture": "#0"}
			}
		},
		{
			"from": [18.75, 9, 2.5],
			"to": [20.75, 11, 4.5],
			"rotation": {"angle": 0, "axis": "y", "origin": [13.5, 6, 8]},
			"faces": {
				"north": {"uv": [9.5, 2, 8.5, 3], "texture": "#0"},
				"east": {"uv": [6, 9, 5, 10], "texture": "#0"},
				"south": {"uv": [9.5, 4, 8.5, 5], "texture": "#0"},
				"west": {"uv": [9.5, 3, 8.5, 4], "texture": "#0"},
				"up": {"uv": [9, 6, 10, 5], "texture": "#0"},
				"down": {"uv": [6, 9, 7, 10], "texture": "#0"}
			}
		},
		{
			"from": [18.25, 8, 4.5],
			"to": [20.25, 10, 6.5],
			"rotation": {"angle": 0, "axis": "y", "origin": [13.5, 6, 8]},
			"faces": {
				"north": {"uv": [9, 8, 8, 9], "texture": "#0"},
				"east": {"uv": [2, 8.5, 1, 9.5], "texture": "#0"},
				"south": {"uv": [9.5, 0, 8.5, 1], "texture": "#0"},
				"west": {"uv": [1, 8.5, 0, 9.5], "texture": "#0"},
				"up": {"uv": [8.5, 2, 9.5, 1], "texture": "#0"},
				"down": {"uv": [2, 8.5, 3, 9.5], "texture": "#0"}
			}
		},
		{
			"from": [16.25, 7, 5.5],
			"to": [19.25, 9, 7.5],
			"rotation": {"angle": 0, "axis": "y", "origin": [13.5, 6, 8]},
			"faces": {
				"north": {"uv": [1.5, 5, 0, 6], "texture": "#0"},
				"east": {"uv": [9, 7, 8, 8], "texture": "#0"},
				"south": {"uv": [3, 5, 1.5, 6], "texture": "#0"},
				"west": {"uv": [8, 8, 7, 9], "texture": "#0"},
				"up": {"uv": [3, 6, 4.5, 5], "texture": "#0"},
				"down": {"uv": [4.5, 5, 6, 6], "texture": "#0"}
			}
		},
		{
			"from": [14.25, 6, 6.5],
			"to": [17.25, 8, 8.5],
			"rotation": {"angle": 0, "axis": "y", "origin": [13.5, 6, 8]},
			"faces": {
				"north": {"uv": [6, 1, 4.5, 2], "texture": "#0"},
				"east": {"uv": [9, 6, 8, 7], "texture": "#0"},
				"south": {"uv": [6, 2, 4.5, 3], "texture": "#0"},
				"west": {"uv": [7, 8, 6, 9], "texture": "#0"},
				"up": {"uv": [4.5, 4, 6, 3], "texture": "#0"},
				"down": {"uv": [4.5, 4, 6, 5], "texture": "#0"}
			}
		},
		{
			"from": [11.75, 5, 7],
			"to": [14.75, 7, 9],
			"rotation": {"angle": 0, "axis": "y", "origin": [13.5, 6, 8]},
			"faces": {
				"north": {"uv": [1.5, 4, 0, 5], "texture": "#0"},
				"east": {"uv": [9, 5, 8, 6], "texture": "#0"},
				"south": {"uv": [3, 4, 1.5, 5], "texture": "#0"},
				"west": {"uv": [6, 8, 5, 9], "texture": "#0"},
				"up": {"uv": [3, 5, 4.5, 4], "texture": "#0"},
				"down": {"uv": [4.5, 0, 6, 1], "texture": "#0"}
			}
		}
	],
	"display": {
		"thirdperson_righthand": {
			"translation": [0, 0, 3.25]
		},
		"thirdperson_lefthand": {
			"translation": [0, 0, 3.25]
		},
		"firstperson_righthand": {
			"rotation": [0, 141, 0],
			"translation": [1.25, 3.75, 0],
			"scale": [0.76, 0.75, 0.74]
		},
		"firstperson_lefthand": {
			"rotation": [0, 141, 0],
			"translation": [1.25, 3.75, 0],
			"scale": [0.76, 0.75, 0.74]
		},
		"gui": {
			"rotation": [31, 0, 0],
			"translation": [0.25, -2.5, 0],
			"scale": [0.70117, 0.70117, 0.70117]
		},
		"head": {
			"translation": [0, 6.75, 0.75],
			"scale": [1.7, 1.7, 1.7]
		},
		"fixed": {
			"scale": [2, 2, 2]
		}
	}
}