{
	"credit": "Made by Techno25",
	"texture_size": [64, 64],
	"textures": {
		"0": "item/mikuhat",
		"particle": "item/mikuhat"
	},
	"elements": [
		{
			"name": "torso",
			"from": [5.7, 0.925, 7],
			"to": [10.3, 6.425, 10],
			"rotation": {"angle": 0, "axis": "y", "origin": [8, 5.26461, 9.14743]},
			"faces": {
				"north": {"uv": [6.25, 3.25, 7.25, 4.5], "texture": "#0"},
				"east": {"uv": [5.5, 3.25, 6.25, 4.5], "texture": "#0"},
				"south": {"uv": [8, 3.25, 9, 4.5], "texture": "#0"},
				"west": {"uv": [7.25, 3.25, 8, 4.5], "texture": "#0"},
				"up": {"uv": [7.25, 3.25, 6.25, 2.5], "texture": "#0"},
				"down": {"uv": [8.25, 2.5, 7.25, 3.25], "texture": "#0"}
			}
		},
		{
			"name": "skirt",
			"from": [4.95, 0.2735, 7.28323],
			"to": [11.05, 1.7735, 11.78323],
			"rotation": {"angle": 22.5, "axis": "x", "origin": [8, 5.26461, 9.14743]},
			"faces": {
				"north": {"uv": [5.75, 1, 7.25, 1.25], "texture": "#0"},
				"east": {"uv": [4.75, 1, 5.75, 1.25], "texture": "#0"},
				"south": {"uv": [8.25, 1, 9.75, 1.25], "texture": "#0"},
				"west": {"uv": [7.25, 1, 8.25, 1.25], "texture": "#0"},
				"up": {"uv": [7.25, 1, 5.75, 0], "texture": "#0"},
				"down": {"uv": [8.75, 0, 7.25, 1], "texture": "#0"}
			}
		},
		{
			"name": "leftleg",
			"from": [8.19657, 0, 2.99482],
			"to": [9.94657, 1.75, 8.99482],
			"rotation": {"angle": -22.5, "axis": "y", "origin": [8, 5.26461, 9.14743]},
			"faces": {
				"north": {"uv": [1.5, 8, 1.75, 8.25], "texture": "#0"},
				"east": {"uv": [0, 8, 1.5, 8.25], "texture": "#0"},
				"south": {"uv": [3.25, 8, 3.5, 8.25], "texture": "#0"},
				"west": {"uv": [1.75, 8, 3.25, 8.25], "texture": "#0"},
				"up": {"uv": [1.75, 8, 1.5, 6.5], "texture": "#0"},
				"down": {"uv": [2, 6.5, 1.75, 8], "texture": "#0"}
			}
		},
		{
			"name": "rightleg",
			"from": [6.05343, 0, 2.99482],
			"to": [7.80343, 1.75, 8.99482],
			"rotation": {"angle": 22.5, "axis": "y", "origin": [8, 5.26461, 9.14743]},
			"faces": {
				"north": {"uv": [6.25, 6.5, 6.5, 6.75], "texture": "#0"},
				"east": {"uv": [4.75, 6.5, 6.25, 6.75], "texture": "#0"},
				"south": {"uv": [8, 6.5, 8.25, 6.75], "texture": "#0"},
				"west": {"uv": [6.5, 6.5, 8, 6.75], "texture": "#0"},
				"up": {"uv": [6.5, 6.5, 6.25, 5], "texture": "#0"},
				"down": {"uv": [6.75, 5, 6.5, 6.5], "texture": "#0"}
			}
		},
		{
			"name": "head",
			"from": [5, 6.35, 5.475],
			"to": [11.05, 12.4, 11.525],
			"rotation": {"angle": 0, "axis": "y", "origin": [8, 5.26461, 9.14743]},
			"faces": {
				"north": {"uv": [1.5, 4.75, 3, 6.25], "texture": "#0"},
				"east": {"uv": [0, 4.75, 1.5, 6.25], "texture": "#0"},
				"south": {"uv": [4.5, 4.75, 6, 6.25], "texture": "#0"},
				"west": {"uv": [3, 4.75, 4.5, 6.25], "texture": "#0"},
				"up": {"uv": [3, 4.75, 1.5, 3.25], "texture": "#0"},
				"down": {"uv": [4.5, 3.25, 3, 4.75], "texture": "#0"}
			}
		},
		{
			"name": "headlayer",
			"from": [4.85, 6.2, 5.325],
			"to": [11.2, 12.55, 11.675],
			"rotation": {"angle": 0, "axis": "y", "origin": [8, 5.26461, 9.14743]},
			"faces": {
				"north": {"uv": [1.5, 1.5, 3, 3], "texture": "#0"},
				"east": {"uv": [0, 1.5, 1.5, 3], "texture": "#0"},
				"south": {"uv": [4.5, 1.5, 6, 3], "texture": "#0"},
				"west": {"uv": [3, 1.5, 4.5, 3], "texture": "#0"},
				"up": {"uv": [3, 1.5, 1.5, 0], "texture": "#0"},
				"down": {"uv": [4.5, 0, 3, 1.5], "texture": "#0"}
			}
		},
		{
			"name": "rightarm",
			"from": [5.04361, 0.28536, 7.75],
			"to": [6.64361, 5.53536, 9.35],
			"rotation": {"angle": -22.5, "axis": "z", "origin": [8, 5.26461, 9.14743]},
			"faces": {
				"north": {"uv": [2.75, 8.75, 3, 10], "texture": "#0"},
				"east": {"uv": [2.5, 8.75, 2.75, 10], "texture": "#0"},
				"south": {"uv": [3.25, 8.75, 3.5, 10], "texture": "#0"},
				"west": {"uv": [3, 8.75, 3.25, 10], "texture": "#0"},
				"up": {"uv": [3, 8.75, 2.75, 8.5], "texture": "#0"},
				"down": {"uv": [3.25, 8.5, 3, 8.75], "texture": "#0"}
			}
		},
		{
			"name": "rightsleeve",
			"from": [4.79361, 0.78536, 7.5],
			"to": [6.74361, 4.53536, 9.6],
			"rotation": {"angle": -22.5, "axis": "z", "origin": [8, 5.26461, 9.14743]},
			"faces": {
				"north": {"uv": [7.75, 7.5, 8, 8.25], "texture": "#0"},
				"east": {"uv": [7.25, 7.5, 7.75, 8.25], "texture": "#0"},
				"south": {"uv": [8.5, 7.5, 8.75, 8.25], "texture": "#0"},
				"west": {"uv": [8, 7.5, 8.5, 8.25], "texture": "#0"},
				"up": {"uv": [8, 7.5, 7.75, 7], "texture": "#0"},
				"down": {"uv": [8.25, 7, 8, 7.5], "texture": "#0"}
			}
		},
		{
			"name": "leftsleeve",
			"from": [9.25639, 0.78536, 7.5],
			"to": [11.20639, 4.53536, 9.6],
			"rotation": {"angle": 22.5, "axis": "z", "origin": [8, 5.26461, 9.14743]},
			"faces": {
				"north": {"uv": [7.5, 5.25, 7.75, 6], "texture": "#0"},
				"east": {"uv": [7, 5.25, 7.5, 6], "texture": "#0"},
				"south": {"uv": [8.25, 5.25, 8.5, 6], "texture": "#0"},
				"west": {"uv": [7.75, 5.25, 8.25, 6], "texture": "#0"},
				"up": {"uv": [7.75, 5.25, 7.5, 4.75], "texture": "#0"},
				"down": {"uv": [8, 4.75, 7.75, 5.25], "texture": "#0"}
			}
		},
		{
			"name": "rightcollar",
			"from": [5.54035, 5.00221, 6.5],
			"to": [7.69035, 6.00221, 7.5],
			"rotation": {"angle": -22.5, "axis": "z", "origin": [8, 5.26461, 9.14743]},
			"faces": {
				"north": {"uv": [2.5, 6.75, 3, 7], "texture": "#0"},
				"east": {"uv": [2.25, 6.75, 2.5, 7], "texture": "#0"},
				"south": {"uv": [3.25, 6.75, 3.75, 7], "texture": "#0"},
				"west": {"uv": [3, 6.75, 3.25, 7], "texture": "#0"},
				"up": {"uv": [3, 6.75, 2.5, 6.5], "texture": "#0"},
				"down": {"uv": [3.5, 6.5, 3, 6.75], "texture": "#0"}
			}
		},
		{
			"name": "tie",
			"from": [7.4, 2.975, 6.75],
			"to": [8.6, 6, 7.75],
			"rotation": {"angle": 0, "axis": "y", "origin": [8, 5.26461, 9.14743]},
			"faces": {
				"north": {"uv": [0.25, 0.25, 0.5, 1], "texture": "#0"},
				"east": {"uv": [0, 0.25, 0.25, 1], "texture": "#0"},
				"south": {"uv": [0.75, 0.25, 1, 1], "texture": "#0"},
				"west": {"uv": [0.5, 0.25, 0.75, 1], "texture": "#0"},
				"up": {"uv": [0.5, 0.25, 0.25, 0], "texture": "#0"},
				"down": {"uv": [0.75, 0, 0.5, 0.25], "texture": "#0"}
			}
		},
		{
			"name": "leftcollar",
			"from": [8.30965, 5.00221, 6.5],
			"to": [10.45965, 6.00221, 7.5],
			"rotation": {"angle": 22.5, "axis": "z", "origin": [8, 5.26461, 9.14743]},
			"faces": {
				"north": {"uv": [6.5, 1.75, 7, 2], "texture": "#0"},
				"east": {"uv": [6.25, 1.75, 6.5, 2], "texture": "#0"},
				"south": {"uv": [7.25, 1.75, 7.75, 2], "texture": "#0"},
				"west": {"uv": [7, 1.75, 7.25, 2], "texture": "#0"},
				"up": {"uv": [7, 1.75, 6.5, 1.5], "texture": "#0"},
				"down": {"uv": [7.5, 1.5, 7, 1.75], "texture": "#0"}
			}
		},
		{
			"name": "leftarm",
			"from": [9.35639, 0.28536, 7.75],
			"to": [10.95639, 5.53536, 9.35],
			"rotation": {"angle": 22.5, "axis": "z", "origin": [8, 5.26461, 9.14743]},
			"faces": {
				"north": {"uv": [8.75, 1.75, 9, 3], "texture": "#0"},
				"east": {"uv": [8.5, 1.75, 8.75, 3], "texture": "#0"},
				"south": {"uv": [9.25, 1.75, 9.5, 3], "texture": "#0"},
				"west": {"uv": [9, 1.75, 9.25, 3], "texture": "#0"},
				"up": {"uv": [9, 1.75, 8.75, 1.5], "texture": "#0"},
				"down": {"uv": [9.25, 1.5, 9, 1.75], "texture": "#0"}
			}
		},
		{
			"name": "leftbottomhair",
			"from": [11.60639, -1.46464, 10.75],
			"to": [14.20639, 5.28536, 12.55],
			"rotation": {"angle": 22.5, "axis": "z", "origin": [8, 5.26461, 9.14743]},
			"faces": {
				"north": {"uv": [5.75, 7.25, 6.25, 8.75], "texture": "#0"},
				"east": {"uv": [5.5, 7.25, 5.75, 8.75], "texture": "#0"},
				"south": {"uv": [6.5, 7.25, 7, 8.75], "texture": "#0"},
				"west": {"uv": [6.25, 7.25, 6.5, 8.75], "texture": "#0"},
				"up": {"uv": [6.25, 7.25, 5.75, 7], "texture": "#0"},
				"down": {"uv": [6.75, 7, 6.25, 7.25], "texture": "#0"}
			}
		},
		{
			"name": "righthair",
			"from": [2.29361, 5.28536, 10.75],
			"to": [4.14361, 10.78536, 12.35],
			"rotation": {"angle": -22.5, "axis": "z", "origin": [8, 5.26461, 9.14743]},
			"faces": {
				"north": {"uv": [1.5, 8.75, 1.75, 10], "texture": "#0"},
				"east": {"uv": [1.25, 8.75, 1.5, 10], "texture": "#0"},
				"south": {"uv": [2, 8.75, 2.25, 10], "texture": "#0"},
				"west": {"uv": [1.75, 8.75, 2, 10], "texture": "#0"},
				"up": {"uv": [1.75, 8.75, 1.5, 8.5], "texture": "#0"},
				"down": {"uv": [2, 8.5, 1.75, 8.75], "texture": "#0"}
			}
		},
		{
			"name": "rightbottomhair",
			"from": [1.79361, -1.46464, 10.75],
			"to": [4.39361, 5.28536, 12.55],
			"rotation": {"angle": -22.5, "axis": "z", "origin": [8, 5.26461, 9.14743]},
			"faces": {
				"north": {"uv": [4, 7.25, 4.5, 8.75], "texture": "#0"},
				"east": {"uv": [3.75, 7.25, 4, 8.75], "texture": "#0"},
				"south": {"uv": [4.75, 7.25, 5.25, 8.75], "texture": "#0"},
				"west": {"uv": [4.5, 7.25, 4.75, 8.75], "texture": "#0"},
				"up": {"uv": [4.5, 7.25, 4, 7], "texture": "#0"},
				"down": {"uv": [5, 7, 4.5, 7.25], "texture": "#0"}
			}
		},
		{
			"name": "lefthair",
			"from": [11.85639, 5.28536, 10.75],
			"to": [13.70639, 10.78536, 12.35],
			"rotation": {"angle": 22.5, "axis": "z", "origin": [8, 5.26461, 9.14743]},
			"faces": {
				"north": {"uv": [0.25, 8.75, 0.5, 10], "texture": "#0"},
				"east": {"uv": [0, 8.75, 0.25, 10], "texture": "#0"},
				"south": {"uv": [0.75, 8.75, 1, 10], "texture": "#0"},
				"west": {"uv": [0.5, 8.75, 0.75, 10], "texture": "#0"},
				"up": {"uv": [0.5, 8.75, 0.25, 8.5], "texture": "#0"},
				"down": {"uv": [0.75, 8.5, 0.5, 8.75], "texture": "#0"}
			}
		}
	],
	"display": {
		"thirdperson_righthand": {
			"rotation": [51, 18, 0],
			"translation": [-0.25, 2.25, 3],
			"scale": [0.77, 0.77, 0.77]
		},
		"thirdperson_lefthand": {
			"rotation": [51, 18, 0],
			"translation": [-0.25, 2.25, 3],
			"scale": [0.77, 0.77, 0.77]
		},
		"firstperson_righthand": {
			"rotation": [8, 111, 0],
			"translation": [0, 4.75, 0.25]
		},
		"firstperson_lefthand": {
			"rotation": [8, 111, 0],
			"translation": [0, 4.75, 0.25]
		},
		"ground": {
			"translation": [0, 2.75, 0],
			"scale": [0.77, 0.77, 0.77]
		},
		"gui": {
			"rotation": [2, 153, 4],
			"translation": [-1.25, 1.5, 0]
		},
		"head": {
			"translation": [0, 17, 0.75],
			"scale": [1.33, 1.33, 1.33]
		},
		"fixed": {
			"rotation": [-90, 0, 0],
			"translation": [0, 0, -16],
			"scale": [2, 2, 2]
		}
	}
}